firstName,lastName
Aaliyah,Abbott
Aaron,Abernathy
Abagail,Abrams
Abbie,Acevedo
Abbigail,Acosta
Abby,Adams
Abdiel,Adkins
Abdul,Aguilar
Abdullah,Aguirre
Abe,Albert
Abel,Alexander
Abelardo,Alford
Abigail,Allen
Abigail,Allison
Abraham,Alston
Adam,Alvarado
Addison,Alvarez
Adelaide,Anderson
Adele,Andrews
Adina,Anthony
Adrian,Armstrong
Adriana,Arnold
Aileen,Ashley
Aisha,Atkins
Alan,Atkinson
Albert,Austin
Alberto,Avery
Alexis,Avila
Alfonso,Ayala
Alfred,Ayers
Alfredo,Bailey
Ali,Baird
Alice,Baker
Alicia,Baldwin
Alina,Ball
Allison,Ballard
Alma,Banks
Alonzo,Barber
Alphonse,Barker
Althea,Barlow
Alva,Barnes
Alvin,Barnett
Amanda,Barr
Amber,Barrera
Amelia,Barrett
Amilia,Barron
Amy,Barry
Ana,Bartlett
Anastasia,Barton
Andrea,Bass
Andrew,Bates
Andy,Battle
Angel,Bauer
Angela,Baxter
Angelica,Beach
Angelina,Bean
Anita,Beard
Ann,Beasley
Anna,Beck
Anne,Becker
Annette,Bell
Anthony,Bender
Antoinette,Benjamin
Andry,Bennett
Antonio,Benson
April,Bentley
Arabella,Benton
Archer,Berg
Ariel,Berger
Arielle,Bernard
Arlo,Berry
Armand,Best
Armando,Bird
Arnold,Bishop
Arthur,Black
Ashley,Blackburn
Ashton,Blackwell
Aubrey,Blair
Audrey,Blake
August,Blanchard
Aurelia,Blankenship
Aurora,Blevins
Austin,Bolton
Ava,Bond
Avery,Bonner
Axel,Booker
Ayden,Boone
Bailey,Booth
Barbara,Bowen
Beatrice,Bowers
Beau,Bowman
Bella,Boyd
Belle,Boyer
Benjamin,Boyle
Bennett,Bradford
Bentley,Bradley
Bernard,Bradshaw
Bernice,Brady
Bertha,Branch
Bessie,Brandt
Beth,Bray
Bethany,Brennan
Betty,Brewer
Beverly,Bridges
Bianca,Briggs
Bill,Bright
Billy,Britt
Blair,Brock
Blake,Brooks
Blanche,Brown
Blaze,Browning
Bob,Bruce
Bobby,Bryan
Bonnie,Bryant
Brad,Buchanan
Bradley,Buck
Brady,Buckley
Brandon,Buckner
Brandy,Bullock
Brayden,Burch
Brenda,Burgess
Brent,Burke
Brett,Burks
Brian,Burnett
Brianna,Burns
Brianna,Burris
Brice,Burt
Bridget,Burton
Brielle,Bush
Brittany,Butler
Brock,Byers
Brody,Byrd
Bruce,Cabrera
Bruno,Cain
Bryan,Calderon
Bryant,Caldwell
Bryce,Calhoun
Bryson,Callahan
Buddy,Cameron
Burt,Campbell
Byron,Cannon
Cade,Cantrell
Caleb,Cantu
Calvin,Cardenas
Cameron,Carey
Camille,Carlson
Candice,Carney
Cara,Carpenter
Carey,Carr
Carl,Carrillo
Carla,Carroll
Carlos,Carson
Carol,Carter
Caroline,Carver
Carolyn,Case
Carrie,Casey
Carson,Cash
Carter,Castaneda
Casey,Castillo
Cassandra,Castro
Catherine,Cervantes
Cathy,Chambers
Cecilia,Chan
Cedric,Chandler
Celeste,Chaney
Celia,Chapman
Chad,Charles
Chandler,Chase
Charles,Chavez
Charlie,Chen
Charlotte,Cherry
Chase,Christensen
Chelsea,Christian
Cheryl,Church
Chester,Clark
Chloe,Clarke
Chris,Clay
Christian,Clayton
Christina,Clements
Christine,Clemons
Christopher,Cleveland
Christy,Cline
Chuck,Cobb
Claire,Cochran
Clara,Cody
Clarence,Coe
Clark,Cohen
Clay,Cole
Clayton,Coleman
Clementine,Collier
Clifford,Collins
Clifton,Colon
Clint,Combs
Clinton,Compton
Clyde,Conley
Cody,Conner
Cole,Conrad
Colin,Contreras
Colleen,Conway
Conner,Cook
Connor,Cooke
Conrad,Cooley
Constance,Cooper
Cora,Copeland
Corey,Cortez
Corinne,Cote
Cornelius,Cotton
Cory,Cox
Courtney,Craft
Craig,Craig
Crystal,Crane
Curtis,Crawford
Cynthia,Crosby
Daisy,Cross
Dale,Cruz
Dallas,Cummings
Dalton,Cunningham
Damian,Curry
Damon,Curtis
Dana,Dalton
Dane,Daniel
Daniel,Daniels
Danny,Daugherty
Dante,Davenport
Daphne,David
Dara,Davidson
Darcy,Davies
Darrell,Davis
Darren,Dawson
Darryl,Day
Dave,Dean
David,Decker
Dawn,Dejesus
Dean,Delacruz
Deanna,Delaney
Debbie,Deleon
Deborah,Delgado
Debra,Dennis
Delaney,Dewey
Delilah,Diaz
Denise,Dickerson
Dennis,Dickinson
Derek,Dillard
Desmond,Dillon
Destiny,Dixon
Devin,Dodson
Devon,Dominguez
Diana,Donaldson
Diane,Donovan
Diego,Dorsey
Dillon,Dotson
Dina,Douglas
Dino,Downs
Dion,Doyle
Dolores,Drake
Dominic,Dudley
Dominick,Duffy
Donald,Duke
Donna,Duncan
Dora,Dunlap
Dorian,Dunn
Dorothy,Duran
Doug,Durham
Douglas,Dyer
Drew,Eaton
Duane,Edwards
Dustin,Elliott
Dwayne,Ellis
Dwight,Ellison
Dylan,Emerson
Earl,England
Easton,English
Eddie,Erickson
Eden,Espinoza
Edgar,Estes
Edith,Evans
Edmond,Everett
Edmund,Ewing
Edna,Farley
Edward,Farmer
Edwin,Farrell
Eileen,Faulkner
Elaine,Ferguson
Eleanor,Fernandez
Eli,Ferrell
Elias,Fields
Elijah,Figueroa
Elise,Finch
Eliza,Finley
Elizabeth,Fischer
Ella,Fisher
Ellen,Fitzgerald
Ellie,Fitzpatrick
Elliot,Fleming
Elliott,Fletcher
Ellis,Flores
Elsie,Flowers
Elva,Floyd
Elvis,Flynn
Emily,Foley
Emma,Forbes
Emmanuel,Ford
Emmett,Foreman
Eric,Foster
Erica,Fowler
Erik,Fox
Erin,Francis
Ernest,Franco
Esther,Frank
Ethan,Franklin
Eugene,Franks
Eugenia,Frazier
Evan,Frederick
Evelyn,Freeman
Everett,French
Ezekiel,Frost
Ezra,Fry
Fabian,Frye
Faith,Fuentes
Felicia,Fuller
Felix,Fulton
Fernando,Gaines
Fiona,Gallagher
Florence,Gallegos
Floyd,Galloway
Flynn,Gamble
Frances,Garcia
Francis,Gardner
Francisco,Garner
Frank,Garrett
Frankie,Garrison
Fred,Garza
Freddie,Gates
Frederick,Gay
Fredrick,Gentry
Freya,George
Gabriel,Gibbs
Gabriella,Gibson
Gail,Gilbert
Gale,Giles
Gary,Gill
Gavin,Gillespie
Gayle,Gilliam
Gene,Gilmore
Genevieve,Glass
Geoffrey,Glenn
George,Glover
Gerald,Goff
Geraldine,Golden
Gerardo,Gomez
Gerry,Gonzales
Gia,Gonzalez
Gianna,Good
Gina,Goodman
Ginger,Goodwin
Ginny,Gordon
Gladys,Gould
Glen,Graham
Glenn,Grant
Gloria,Graves
Godfrey,Gray
Gordon,Green
Grace,Greene
Grady,Greer
Graham,Gregory
Grant,Griffin
Grayson,Griffith
Greg,Grimes
Gregory,Gross
Greta,Guerra
Gretchen,Guerrero
Griffin,Guthrie
Grover,Guy
Guadalupe,Guzman
Guy,Hahn
Gwen,Hale
Hadley,Haley
Hailey,Hall
Haley,Hamilton
Hannah,Hammond
Harley,Hampton
Harold,Hancock
Harper,Haney
Harriet,Hansen
Harry,Hanson
Harvey,Hardin
Hayden,Harding
Hayes,Hardy
Hazel,Harmon
Heath,Harper
Heather,Harrell
Hector,Harrington
Heidi,Harris
Helen,Harrison
Helena,Hart
Henry,Hartman
Herbert,Harvey
Herman,Hatfield
Hilary,Hawkins
Hilda,Hayden
Holden,Hayes
Holly,Haynes
Homer,Hays
Hope,Head
Howard,Heath
Hubert,Hebert
Hugh,Henderson
Hugo,Hendricks
Hunter,Hendrix
Ian,Henry
Ida,Hensley
Ignacio,Henson
Ike,Herman
Ila,Hernandez
Ilene,Herrera
Imani,Herring
Imogene,Hess
In√©s,Hester
Ingrid,Hewitt
Irene,Hickman
Iris,Hicks
Irma,Higgins
Isaac,Hill
Isabel,Hines
Isabella,Hinton
Isadora,Hobbs
Isaiah,Hodge
Isidro,Hodges
Ivan,Hoffman
Jack,Hogan
Jackson,Holcomb
Jacob,Holden
Jacqueline,Holder
Jada,Holland
Jade,Holloway
Jake,Holman
Jamal,Holmes
James,Holt
Jameson,Hood
Jane,Hooper
Janet,Hoover
Janice,Hopkins
Jared,Hopper
Jasmine,Horn
Jason,Horne
Jasper,Horton
Javier,House
Jay,Houston
Jayden,Howard
Jaylen,Howe
Jean,Howell
Jeanette,Hubbard
Jeanne,Huber
Jeffrey,Hudson
Jenna,Huff
Jennifer,Huffman
Jenny,Hughes
Jeremiah,Hull
Jeremy,Humphrey
Jerome,Humphreys
Jerry,Hunt
Jesse,Hunter
Jessica,Hurley
Jesus,Hurst
Jill,Hutchinson
Jim,Hyde
Jimmy,Ingram
Joan,Irwin
Joanna,Jackson
Joanne,Jacobs
Joaquin,Jacobson
Jocelyn,James
Joe,Jarvis
Joel,Jefferson
Joey,Jenkins
John,Jennings
Johnny,Jensen
Jonah,Jimenez
Jonas,Johns
Jonathan,Johnson
Jordan,Johnston
Jordyn,Jones
Jorge,Jordan
Jose,Joseph
Joseph,Joyce
Josephine,Joyner
Joshua,Juarez
Josiah,Justice
Joyce,Kane
Juan,Kaufman
Juanita,Keith
Judah,Keller
Jude,Kelley
Judith,Kelly
Julia,Kemp
Julian,Kennedy
Julie,Kent
Juliet,Kerr
Julius,Key
June,Kidd
Junior,Kim
Justin,King
Kaden,Kinney
Kai,Kirby
Kailey,Kirk
Kaitlyn,Kirkland
Kale,Klein
Kameron,Kline
Kane,Knapp
Kara,Knight
Karen,Knox
Karl,Koch
Karla,Kramer
Kate,Lamb
Katelyn,Lambert
Katherine,Lancaster
Kathleen,Landry
Kathryn,Lane
Kathy,Lang
Katie,Langley
Kay,Lara
Kayla,Larsen
Kaylee,Larson
Keaton,Lawrence
Keegan,Lawson
Keith,Le
Kelly,Leach
Kelsey,Leblanc
Ken,Lee
Kendall,Leon
Kendra,Leonard
Kenneth,Lester
Kenny,Levine
Kent,Levy
Kevin,Lewis
Kian,Lindsay
Kimberly,Lindsey
Kimora,Little
King,Livingston
Kingsley,Lloyd
Kirby,Logan
Kirk,Long
Knox,Lopez
Kyle,Lott
Kylie,Love
Lacey,Lowe
Lacy,Lowery
Ladarius,Lucas
Lafayette,Lucero
Laila,Luna
Lamar,Lynch
Lana,Lynn
Lance,Lyons
Landon,Macdonald
Lane,Macias
Larry,Mack
Laura,Madden
Laurel,Maddox
Lauren,Maldonado
Laurie,Malone
Laverne,Mann
Lawrence,Manning
Lawson,Marks
Leah,Marquez
Leandro,Marsh
Lee,Marshall
Leif,Martin
Leila,Martinez
Leland,Mason
Leo,Massey
Leon,Mathews
Leonard,Mathis
Leonardo,Matthews
Leonor,Maxwell
Leopold,May
Leslie,Mayer
Lester,Maynard
Levi,Mayo
Lewis,Mays
Liam,McBride
Lillian,McCall
Lily,McCarthy
Lincoln,McCarty
Linda,McClain
Lindsay,McClure
Lindsey,McConnell
Lionel,McCormick
Lisa,McCoy
Lloyd,McCracken
Logan,McCray
Lois,McCullough
Lola,McDaniel
Lonnie,McDonald
Lorenzo,McDowell
Lorraine,McFadden
Lou,McFarland
Louie,McGee
Louise,McGowan
Lowell,McGuire
Lucas,McIntosh
Lucian,McIntyre
Lucy,McKay
Luis,McKee
Luke,McKenzie
Luna,McKinney
Lydia,McKnight
Lyle,McLaughlin
Lynn,McLean
Mabel,McLeod
Mack,McMahon
Macy,McMillan
Madeline,McNeil
Madison,McPherson
Mae,Meadows
Maggie,Medina
Maisy,Mejia
Malcolm,Melendez
Malik,Melton
Mallory,Mendez
Manuel,Mercado
Mara,Mercer
Marc,Merrill
Marcel,Merritt
Marco,Meyer
Marcus,Meyers
Margaret,Michael
Maria,Middleton
Mariah,Miles
Marian,Miller
Mariana,Mills
Marilyn,Miranda
Marina,Mitchell
Mario,Molina
Marion,Monroe
Mark,Montgomery
Marlene,Montoya
Marsha,Moody
Martha,Moon
Martin,Mooney
Marvin,Moore
Mary,Morales
Mason,Moran
Mateo,Moreno
Matthew,Morgan
Maurice,Morin
Mauricio,Morris
Max,Morrison
Maxine,Morrow
Maxwell,Morse
May,Morton
Maya,Moses
Mayer,Mosley
Maynard,Moss
Mckenzie,Mueller
Meagan,Mullen
Meghan,Mullins
Melanie,Munoz
Melissa,Murphy
Melody,Murray
Melvin,Myers
Mercedes,Nash
Meredith,Navarro
Merle,Neal
Mia,Nelson
Michael,Newman
Michelle,Newton
Miguel,Nguyen
Mike,Nichols
Milan,Nicholson
Miles,Nielsen
Milford,Nieves
Miller,Nixon
Millie,Noble
Milton,Noel
Mina,Nolan
Mindy,Norman
Minerva,Norris
Minnie,Norton
Miranda,Novak
Miriam,Nunez
Mitchell,O'Brien
Molly,O'Connell
Mona,O'Connor
Monica,O'Donnell
Monique,O'Neal
Montgomery,O'Neill
Morgan,O'Reilly
Morris,O'Rourke
Moses,Ochoa
Moshe,Odom
Murphy,Odonnell
Murray,Oliver
Myra,Olsen
Nadia,Olson
Nadine,Oneal
Nancy,Oneill
Naomi,Orr
Natalie,Ortega
Nathan,Ortiz
Nathaniel,Osborn
Neal,Osborne
Ned,Owen
Neil,Owens
Nellie,Pace
Nelly,Pacheco
Nelson,Padilla
Nestor,Page
Nevaeh,Palmer
Newell,Park
Newton,Parker
Nicholas,Parks
Nick,Parrish
Nicolas,Parsons
Nicole,Pate
Nina,Patel
Noah,Patrick
Noel,Patterson
Nolan,Patton
Norma,Paul
Norman,Payne
Norris,Pearson
Nova,Peck
Nydia,Pena
Oakley,Pennington
Odin,Perez
Olaf,Perkins
Olga,Perry
Oliver,Peters
Olivia,Petersen
Omar,Peterson
Ophelia,Petty
Ora,Phelps
Orlando,Phillips
Oscar,Pickett
Otis,Pierce
Otto,Pittman
Owen,Pitts
Pablo,Pollard
Paige,Poole
Palmer,Pope
Pamela,Porter
Paris,Potter
Parker,Potts
Pascal,Powell
Patrick,Powers
Patsy,Pratt
Patti,Preston
Paul,Price
Paula,Prince
Pauline,Pruitt
Pearl,Puckett
Pedro,Pugh
Penelope,Quinn
Percy,Radford
Perry,Ramirez
Pete,Ramos
Peter,Ramsey
Peyton,Randall
Philip,Randolph
Phillip,Rankin
Phoebe,Rasmussen
Phyllis,Ratliff
Pierce,Ray
Pierre,Raymond
Piper,Reed
Polly,Reese
Preston,Reeves
Prince,Reid
Priscilla,Reilly
Quentin,Reyes
Quincy,Reynolds
Rachel,Rhodes
Ralph,Rice
Ramon,Richards
Randall,Richardson
Randolph,Richmond
Randy,Riddle
Raoul,Riggs
Raphael,Riley
Raquel,Rios
Rashad,Rivas
Raven,Rivera
Ray,Rivers
Raymond,Roach
Rebecca,Robbins
Regina,Roberson
Reginald,Roberts
Reid,Robertson
Rena,Robinson
Rene,Robles
Renee,Rocha
Reuben,Rodgers
Rex,Rodriguez
Reynold,Rodriquez
Rhea,Rogers
Ricardo,Rojas
Richard,Rollins
Rick,Roman
Ricky,Romero
Riley,Rosa
Rita,Rosales
Rob,Rosario
Robbie,Rose
Robert,Ross
Roberto,Roth
Robin,Rowe
Rocco,Rowland
Rodney,Roy
Roger,Ruiz
Roland,Rush
Roman,Russell
Romeo,Rutledge
Ronald,Ryan
Ronnie,Salas
Rosa,Salazar
Rosalie,Salinas
Rose,Sampson
Rosemary,Sanchez
Ross,Sanders
Rowan,Sandoval
Roy,Sanford
Royce,Santana
Ruby,Santiago
Rufus,Santos
Russell,Sargent
Ruth,Saunders
Ryan,Savage
Sadie,Sawyer
Sallie,Schmidt
Salomon,Schneider
Salvador,Schroeder
Sam,Schultz
Samantha,Schwartz
Samuel,Scott
Sandra,Sears
Sandy,Self
Santiago,Sellers
Sara,Serrano
Sarah,Shaffer
Sasha,Shannon
Saul,Sharp
Savannah,Sharpe
Scarlett,Shaw
Scott,Shea
Sean,Sheehan
Sebastian,Shepard
Sergio,Shepherd
Seth,Sheppard
Seymour,Sherman
Shaina,Shields
Shane,Short
Shannon,Silva
Sharon,Simmons
Shaun,Simon
Shawn,Simpson
Shawna,Sims
Sheila,Singleton
Shelby,Skinner
Sheldon,Slater
Shelley,Sloan
Shelly,Small
Sherry,Smith
Shirley,Snider
Sidney,Snow
Silas,Snyder
Simon,Solis
Simone,Solomon
Skyler,Soto
Sofia,Sparks
Sonia,Spears
Sonny,Spence
Sophia,Spencer
Sophie,Stafford
Spencer,Stanley
Stacey,Stanton
Stacy,Stark
Stanley,Steele
Stella,Stein
Stephanie,Stephens
Stephen,Stephenson
Sterling,Stevens
Steve,Stevenson
Steven,Stewart
Stewart,Stokes
Sue,Stone
Summer,Stout
Susan,Stover
Susanna,Strickland
Suzanne,Strong
Sydney,Stuart
Sylvester,Suarez
Sylvia,Sullivan
Tabitha,Summers
Tad,Sutton
Talia,Swanson
Tamara,Sweeney
Tammy,Sweet
Tanya,Sykes
Tara,Talley
Tatiana,Tanner
Tatum,Tate
Taylor,Taylor
Ted,Terrell
Teddy,Terry
Teresa,Thomas
Terrance,Thompson
Terrell,Thornton
Terrence,Tillman
Terri,Todd
Terry,Torres
Tessa,Townsend
Thad,Travis
Thaddeus,Trevino
Thelma,Trujillo
Theo,Tucker
Theodore,Turner
Theresa,Tyler
Therese,Tyson
Thomas,Underwood
Tiffany,Valdez
Tim,Valencia
Timmy,Valentine
Timothy,Valenzuela
Tina,Vance
Tito,Vang
Tobias,Vargas
Toby,Vasquez
Todd,Vaughan
Tom,Vaughn
Tommy,Vazquez
Tony,Vega
Tracey,Velasquez
Tracy,Velazquez
Travis,Velez
Trent,Villarreal
Trevor,Vincent
Trey,Wade
Tristan,Wagner
Troy,Walker
Truman,Wall
Tyler,Wallace
Tyrell,Waller
Tyrone,Walls
Ulysses,Walsh
Ursula,Walter
Valentina,Walters
Valerie,Walton
Vanessa,Ward
Veronica,Ware
Victor,Warner
Victoria,Warren
Vincent,Washington
Violet,Waters
Virgil,Watkins
Virginia,Watson
Vivian,Watts
Vivienne,Weaver
Wade,Webb
Walker,Weber
Wallace,Webster
Walter,Weeks
Wanda,Weiss
Warren,Welch
Wayne,Wells
Wendy,West
Wesley,Wheeler
Whitney,White
William,Whitehead
Willie,Whitfield
Wilma,Whitney
Wilson,Wiggins
Wyatt,Wilcox
Xavier,Wilder
Yaakov,Wiley
Yadiel,Wilkerson
Yair,Wilkins
Yakov,Wilkinson
Yandel,William
Yareli,Williams
Yasmin,Williamson
Zachariah,Willis
Zachary,Wills
Zackary,Wilson
Zaiden,Winters
Zain,Wise
Zaire,Witt
Zakai,Wolf
Zamari,Wolfe
Zander,Wong
Zane,Wood
Zaniyah,Woodard
Zara,Woods
Zariah,Woodward
Zayan,Wooten
Zayne,Workman
Zechariah,Wright
Zeke,Wyatt
Zion,Wynn
Zoe,Yang
Zoey,Yates
,York
,Young
,Zamora
,Zimmerman
Joko,Joko